Original Filename,Sanitized Filename,Firebase Storage URL,Folder,Status
"Adhyatam Upanishad (अध्यात्म उपनिषद्) 01.mp3","adhyatam_upanishad___01.mp3","https://storage.googleapis.com/rraasi-8a619-music-storage/bulk-upload/adhyatam_upanishad___01.mp3","dowloaded_mp3_suno","success"
"Awakening Energy (1).mp3","awakening_energy_1.mp3","https://storage.googleapis.com/rraasi-8a619-music-storage/bulk-upload/awakening_energy_1.mp3","dowloaded_mp3_suno","success"
"Awakening Energy.mp3","awakening_energy.mp3","https://storage.googleapis.com/rraasi-8a619-music-storage/bulk-upload/awakening_energy.mp3","dowloaded_mp3_suno","success"
"Beautiful Hare Krishna Hare Rama Bhajan.mp3","beautiful_hare_krishna_hare_rama_bhajan.mp3","https://storage.googleapis.com/rraasi-8a619-music-storage/bulk-upload/beautiful_hare_krishna_hare_rama_bhajan.mp3","dowloaded_mp3_suno","success"
"Divine Vibrations.mp3","divine_vibrations.mp3","https://storage.googleapis.com/rraasi-8a619-music-storage/bulk-upload/divine_vibrations.mp3","dowloaded_mp3_suno","success"
"Elevate_ Meditative Binaural Bliss (1).mp3","elevate__meditative_binaural_bliss_1.mp3","https://storage.googleapis.com/rraasi-8a619-music-storage/bulk-upload/elevate__meditative_binaural_bliss_1.mp3","dowloaded_mp3_suno","success"
"Elevate_ Meditative Binaural Bliss.mp3","elevate__meditative_binaural_bliss.mp3","https://storage.googleapis.com/rraasi-8a619-music-storage/bulk-upload/elevate__meditative_binaural_bliss.mp3","dowloaded_mp3_suno","success"
"Energetic Krishna Bhajan.mp3","energetic_krishna_bhajan.mp3","https://storage.googleapis.com/rraasi-8a619-music-storage/bulk-upload/energetic_krishna_bhajan.mp3","dowloaded_mp3_suno","success"
"Energy of Serenity (1).mp3","energy_of_serenity_1.mp3","https://storage.googleapis.com/rraasi-8a619-music-storage/bulk-upload/energy_of_serenity_1.mp3","dowloaded_mp3_suno","success"
"Energy of Serenity.mp3","energy_of_serenity.mp3","https://storage.googleapis.com/rraasi-8a619-music-storage/bulk-upload/energy_of_serenity.mp3","dowloaded_mp3_suno","success"
"Fusion Krishna Bhajan.mp3","fusion_krishna_bhajan.mp3","https://storage.googleapis.com/rraasi-8a619-music-storage/bulk-upload/fusion_krishna_bhajan.mp3","dowloaded_mp3_suno","success"
"Govinda Gopala.mp3","govinda_gopala.mp3","https://storage.googleapis.com/rraasi-8a619-music-storage/bulk-upload/govinda_gopala.mp3","dowloaded_mp3_suno","success"
"Healing Heart Chakra 528Hz.mp3","healing_heart_chakra_528hz.mp3","https://storage.googleapis.com/rraasi-8a619-music-storage/bulk-upload/healing_heart_chakra_528hz.mp3","dowloaded_mp3_suno","success"
"Heart Awakening.mp3","heart_awakening.mp3","https://storage.googleapis.com/rraasi-8a619-music-storage/bulk-upload/heart_awakening.mp3","dowloaded_mp3_suno","success"
"Radhe Radhe Govinda.mp3","radhe_radhe_govinda.mp3","https://storage.googleapis.com/rraasi-8a619-music-storage/bulk-upload/radhe_radhe_govinda.mp3","dowloaded_mp3_suno","success"
"Raghupati Raghava Raja Ram (1).mp3","raghupati_raghava_raja_ram_1.mp3","https://storage.googleapis.com/rraasi-8a619-music-storage/bulk-upload/raghupati_raghava_raja_ram_1.mp3","dowloaded_mp3_suno","success"
"Raghupati Raghava Raja Ram.mp3","raghupati_raghava_raja_ram.mp3","https://storage.googleapis.com/rraasi-8a619-music-storage/bulk-upload/raghupati_raghava_raja_ram.mp3","dowloaded_mp3_suno","success"
"Ramayan Ki Katha (1).mp3","ramayan_ki_katha_1.mp3","https://storage.googleapis.com/rraasi-8a619-music-storage/bulk-upload/ramayan_ki_katha_1.mp3","dowloaded_mp3_suno","success"
"Ramayan Ki Katha.mp3","ramayan_ki_katha.mp3","https://storage.googleapis.com/rraasi-8a619-music-storage/bulk-upload/ramayan_ki_katha.mp3","dowloaded_mp3_suno","success"
"School Prayer.mp3","school_prayer.mp3","https://storage.googleapis.com/rraasi-8a619-music-storage/bulk-upload/school_prayer.mp3","dowloaded_mp3_suno","success"
"Shakti Dhyana (1).mp3","shakti_dhyana_1.mp3","https://storage.googleapis.com/rraasi-8a619-music-storage/bulk-upload/shakti_dhyana_1.mp3","dowloaded_mp3_suno","success"
"Shakti Dhyana.mp3","shakti_dhyana.mp3","https://storage.googleapis.com/rraasi-8a619-music-storage/bulk-upload/shakti_dhyana.mp3","dowloaded_mp3_suno","success"
"Shanti Swarup — The Healing Essence.mp3","shanti_swarup__the_healing_essence.mp3","https://storage.googleapis.com/rraasi-8a619-music-storage/bulk-upload/shanti_swarup__the_healing_essence.mp3","dowloaded_mp3_suno","success"
"Star Seed Crystal Healing (1).mp3","star_seed_crystal_healing_1.mp3","https://storage.googleapis.com/rraasi-8a619-music-storage/bulk-upload/star_seed_crystal_healing_1.mp3","dowloaded_mp3_suno","success"
"Star Seed Crystal Healing.mp3","star_seed_crystal_healing.mp3","https://storage.googleapis.com/rraasi-8a619-music-storage/bulk-upload/star_seed_crystal_healing.mp3","dowloaded_mp3_suno","success"
"अहसास.mp3",".mp3","https://storage.googleapis.com/rraasi-8a619-music-storage/bulk-upload/.mp3","dowloaded_mp3_suno","success"
"आत्मा की यात्रा.mp3","__.mp3","https://storage.googleapis.com/rraasi-8a619-music-storage/bulk-upload/__.mp3","dowloaded_mp3_suno","success"
"नज़र में रहते हो (1).mp3","____1.mp3","https://storage.googleapis.com/rraasi-8a619-music-storage/bulk-upload/____1.mp3","dowloaded_mp3_suno","success"
"नज़र में रहते हो.mp3","___.mp3","https://storage.googleapis.com/rraasi-8a619-music-storage/bulk-upload/___.mp3","dowloaded_mp3_suno","success"
"राधा रानी कब थे करें (1).mp3","_____1.mp3","https://storage.googleapis.com/rraasi-8a619-music-storage/bulk-upload/_____1.mp3","dowloaded_mp3_suno","success"
"राधा रानी कब थे करें.mp3","____.mp3","https://storage.googleapis.com/rraasi-8a619-music-storage/bulk-upload/____.mp3","dowloaded_mp3_suno","success"
"शांति और प्रेरणा.mp3","__.mp3","https://storage.googleapis.com/rraasi-8a619-music-storage/bulk-upload/__.mp3","dowloaded_mp3_suno","success"
"शांति स्वर.mp3","_.mp3","https://storage.googleapis.com/rraasi-8a619-music-storage/bulk-upload/_.mp3","dowloaded_mp3_suno","success"
"सूर्योदय शांति.mp3","_.mp3","https://storage.googleapis.com/rraasi-8a619-music-storage/bulk-upload/_.mp3","dowloaded_mp3_suno","success"
"Awakening Light.mp3","awakening_light.mp3","https://storage.googleapis.com/rraasi-8a619-music-storage/bulk-upload/awakening_light.mp3","page5to9","success"
"Chill Deep House Journey.mp3","chill_deep_house_journey.mp3","https://storage.googleapis.com/rraasi-8a619-music-storage/bulk-upload/chill_deep_house_journey.mp3","page5to9","success"
"Crown Chakra Activation.mp3","crown_chakra_activation.mp3","https://storage.googleapis.com/rraasi-8a619-music-storage/bulk-upload/crown_chakra_activation.mp3","page5to9","success"
"Crown Chakra Awakening.mp3","crown_chakra_awakening.mp3","https://storage.googleapis.com/rraasi-8a619-music-storage/bulk-upload/crown_chakra_awakening.mp3","page5to9","success"
"Crystal Energy Flow.mp3","crystal_energy_flow.mp3","https://storage.googleapis.com/rraasi-8a619-music-storage/bulk-upload/crystal_energy_flow.mp3","page5to9","success"
"Divine Calm.mp3","divine_calm.mp3","https://storage.googleapis.com/rraasi-8a619-music-storage/bulk-upload/divine_calm.mp3","page5to9","success"
"Energetic Deep House Journey.mp3","energetic_deep_house_journey.mp3","https://storage.googleapis.com/rraasi-8a619-music-storage/bulk-upload/energetic_deep_house_journey.mp3","page5to9","success"
"Energetic Techno Journey.mp3","energetic_techno_journey.mp3","https://storage.googleapis.com/rraasi-8a619-music-storage/bulk-upload/energetic_techno_journey.mp3","page5to9","success"
"Energy Pulse.mp3","energy_pulse.mp3","https://storage.googleapis.com/rraasi-8a619-music-storage/bulk-upload/energy_pulse.mp3","page5to9","success"
"Euphoric Deep House Journey.mp3","euphoric_deep_house_journey.mp3","https://storage.googleapis.com/rraasi-8a619-music-storage/bulk-upload/euphoric_deep_house_journey.mp3","page5to9","success"
"Euphoric Psychedelic Trance Journey.mp3","euphoric_psychedelic_trance_journey.mp3","https://storage.googleapis.com/rraasi-8a619-music-storage/bulk-upload/euphoric_psychedelic_trance_journey.mp3","page5to9","success"
"Floating Downtempo Journey.mp3","floating_downtempo_journey.mp3","https://storage.googleapis.com/rraasi-8a619-music-storage/bulk-upload/floating_downtempo_journey.mp3","page5to9","success"
"Govinda Gopala.mp3","govinda_gopala.mp3","https://storage.googleapis.com/rraasi-8a619-music-storage/bulk-upload/govinda_gopala.mp3","page5to9","success"
"Heart Awakening Symphony.mp3","heart_awakening_symphony.mp3","https://storage.googleapis.com/rraasi-8a619-music-storage/bulk-upload/heart_awakening_symphony.mp3","page5to9","success"
"Heart Awakening.mp3","heart_awakening.mp3","https://storage.googleapis.com/rraasi-8a619-music-storage/bulk-upload/heart_awakening.mp3","page5to9","success"
"Heart Chakra Harmony.mp3","heart_chakra_harmony.mp3","https://storage.googleapis.com/rraasi-8a619-music-storage/bulk-upload/heart_chakra_harmony.mp3","page5to9","success"
"Hypnotic Deep House Journey (1).mp3","hypnotic_deep_house_journey_1.mp3","https://storage.googleapis.com/rraasi-8a619-music-storage/bulk-upload/hypnotic_deep_house_journey_1.mp3","page5to9","success"
"Hypnotic Deep House Journey.mp3","hypnotic_deep_house_journey.mp3","https://storage.googleapis.com/rraasi-8a619-music-storage/bulk-upload/hypnotic_deep_house_journey.mp3","page5to9","success"
"Hypnotic Techno Journey.mp3","hypnotic_techno_journey.mp3","https://storage.googleapis.com/rraasi-8a619-music-storage/bulk-upload/hypnotic_techno_journey.mp3","page5to9","success"
"Inner Healing Light.mp3","inner_healing_light.mp3","https://storage.googleapis.com/rraasi-8a619-music-storage/bulk-upload/inner_healing_light.mp3","page5to9","success"
"Meditative Ambient Journey.mp3","meditative_ambient_journey.mp3","https://storage.googleapis.com/rraasi-8a619-music-storage/bulk-upload/meditative_ambient_journey.mp3","page5to9","success"
"Meditative Deep House Journey.mp3","meditative_deep_house_journey.mp3","https://storage.googleapis.com/rraasi-8a619-music-storage/bulk-upload/meditative_deep_house_journey.mp3","page5to9","success"
"Om Namah Shivaya (1).mp3","om_namah_shivaya_1.mp3","https://storage.googleapis.com/rraasi-8a619-music-storage/bulk-upload/om_namah_shivaya_1.mp3","page5to9","success"
"Om Namah Shivaya.mp3","om_namah_shivaya.mp3","https://storage.googleapis.com/rraasi-8a619-music-storage/bulk-upload/om_namah_shivaya.mp3","page5to9","success"
"Serene Resonance.mp3","serene_resonance.mp3","https://storage.googleapis.com/rraasi-8a619-music-storage/bulk-upload/serene_resonance.mp3","page5to9","success"
"Shanti Mantra Meditation.mp3","shanti_mantra_meditation.mp3","https://storage.googleapis.com/rraasi-8a619-music-storage/bulk-upload/shanti_mantra_meditation.mp3","page5to9","success"
"Shanti Vayu.mp3","shanti_vayu.mp3","https://storage.googleapis.com/rraasi-8a619-music-storage/bulk-upload/shanti_vayu.mp3","page5to9","success"
"Shanti Venu.mp3","shanti_venu.mp3","https://storage.googleapis.com/rraasi-8a619-music-storage/bulk-upload/shanti_venu.mp3","page5to9","success"
"Shunya Shakti.mp3","shunya_shakti.mp3","https://storage.googleapis.com/rraasi-8a619-music-storage/bulk-upload/shunya_shakti.mp3","page5to9","success"
"Uplifting Deep House Journey.mp3","uplifting_deep_house_journey.mp3","https://storage.googleapis.com/rraasi-8a619-music-storage/bulk-upload/uplifting_deep_house_journey.mp3","page5to9","success"
"अहसास.mp3",".mp3","https://storage.googleapis.com/rraasi-8a619-music-storage/bulk-upload/.mp3","page5to9","success"
"आनंदधारा.mp3",".mp3","https://storage.googleapis.com/rraasi-8a619-music-storage/bulk-upload/.mp3","page5to9","success"
"खुश रहिये.mp3","_.mp3","https://storage.googleapis.com/rraasi-8a619-music-storage/bulk-upload/_.mp3","page5to9","success"
"नव वर्ष उत्सव धुन.mp3","___.mp3","https://storage.googleapis.com/rraasi-8a619-music-storage/bulk-upload/___.mp3","page5to9","success"
"शांति स्वर.mp3","_.mp3","https://storage.googleapis.com/rraasi-8a619-music-storage/bulk-upload/_.mp3","page5to9","success"
"स्वर के संवाद (1).mp3","___1.mp3","https://storage.googleapis.com/rraasi-8a619-music-storage/bulk-upload/___1.mp3","page5to9","success"
"स्वर के संवाद.mp3","__.mp3","https://storage.googleapis.com/rraasi-8a619-music-storage/bulk-upload/__.mp3","page5to9","success"
"Chakra.mp3","chakra.mp3","https://storage.googleapis.com/rraasi-8a619-music-storage/bulk-upload/chakra.mp3","page1to4","success"
"Gahrai.mp3","gahrai.mp3","https://storage.googleapis.com/rraasi-8a619-music-storage/bulk-upload/gahrai.mp3","page1to4","success"
"Ganesh Vandana.mp3","ganesh_vandana.mp3","https://storage.googleapis.com/rraasi-8a619-music-storage/bulk-upload/ganesh_vandana.mp3","page1to4","success"
"Hanuman Ji Ki Chalisa.mp3","hanuman_ji_ki_chalisa.mp3","https://storage.googleapis.com/rraasi-8a619-music-storage/bulk-upload/hanuman_ji_ki_chalisa.mp3","page1to4","success"
"Jai Jai Devu Devta.mp3","jai_jai_devu_devta.mp3","https://storage.googleapis.com/rraasi-8a619-music-storage/bulk-upload/jai_jai_devu_devta.mp3","page1to4","success"
"Navakar Mantra.mp3","navakar_mantra.mp3","https://storage.googleapis.com/rraasi-8a619-music-storage/bulk-upload/navakar_mantra.mp3","page1to4","success"
"Raahat (1).mp3","raahat_1.mp3","https://storage.googleapis.com/rraasi-8a619-music-storage/bulk-upload/raahat_1.mp3","page1to4","success"
"Radhe.mp3","radhe.mp3","https://storage.googleapis.com/rraasi-8a619-music-storage/bulk-upload/radhe.mp3","page1to4","success"
"Raham (1).mp3","raham_1.mp3","https://storage.googleapis.com/rraasi-8a619-music-storage/bulk-upload/raham_1.mp3","page1to4","success"
"Raham.mp3","raham.mp3","https://storage.googleapis.com/rraasi-8a619-music-storage/bulk-upload/raham.mp3","page1to4","success"
"Sard Yaad.mp3","sard_yaad.mp3","https://storage.googleapis.com/rraasi-8a619-music-storage/bulk-upload/sard_yaad.mp3","page1to4","success"
"Shiv Shankar.mp3","shiv_shankar.mp3","https://storage.googleapis.com/rraasi-8a619-music-storage/bulk-upload/shiv_shankar.mp3","page1to4","success"
"Sufi Shanti.mp3","sufi_shanti.mp3","https://storage.googleapis.com/rraasi-8a619-music-storage/bulk-upload/sufi_shanti.mp3","page1to4","success"
"Untitled.mp3","untitled.mp3","https://storage.googleapis.com/rraasi-8a619-music-storage/bulk-upload/untitled.mp3","page1to4","success"
"raahat.mp3","raahat.mp3","https://storage.googleapis.com/rraasi-8a619-music-storage/bulk-upload/raahat.mp3","page1to4","success"
"और प्यारी मां.mp3","__.mp3","https://storage.googleapis.com/rraasi-8a619-music-storage/bulk-upload/__.mp3","page1to4","success"
"गहराई.mp3",".mp3","https://storage.googleapis.com/rraasi-8a619-music-storage/bulk-upload/.mp3","page1to4","success"
"जय श्री गणेश.mp3","__.mp3","https://storage.googleapis.com/rraasi-8a619-music-storage/bulk-upload/__.mp3","page1to4","success"
"पत्नीजी.mp3",".mp3","https://storage.googleapis.com/rraasi-8a619-music-storage/bulk-upload/.mp3","page1to4","success"
"मन का उजाला.mp3","__.mp3","https://storage.googleapis.com/rraasi-8a619-music-storage/bulk-upload/__.mp3","page1to4","success"
"Joyful Radiance.mp3","joyful_radiance.mp3","https://storage.googleapis.com/rraasi-8a619-music-storage/bulk-upload/joyful_radiance.mp3","last2","success"
"Serene Resettling Journey.mp3","serene_resettling_journey.mp3","https://storage.googleapis.com/rraasi-8a619-music-storage/bulk-upload/serene_resettling_journey.mp3","last2","success"
"Chakra Vibrations – Full Spectrum Activation.mp3","chakra_vibrations__full_spectrum_activation.mp3","https://storage.googleapis.com/rraasi-8a619-music-storage/bulk-upload/chakra_vibrations__full_spectrum_activation.mp3","missingone","success"
"Mehboob ki Aankhein (1).mp3","mehboob_ki_aankhein_1.mp3","https://storage.googleapis.com/rraasi-8a619-music-storage/bulk-upload/mehboob_ki_aankhein_1.mp3","missingone","success"
"Mehboob ki Aankhein.mp3","mehboob_ki_aankhein.mp3","https://storage.googleapis.com/rraasi-8a619-music-storage/bulk-upload/mehboob_ki_aankhein.mp3","missingone","success"
"Milan (1).mp3","milan_1.mp3","https://storage.googleapis.com/rraasi-8a619-music-storage/bulk-upload/milan_1.mp3","missingone","success"
"Milan.mp3","milan.mp3","https://storage.googleapis.com/rraasi-8a619-music-storage/bulk-upload/milan.mp3","missingone","success"
"tu kya hai (1).mp3","tu_kya_hai_1.mp3","https://storage.googleapis.com/rraasi-8a619-music-storage/bulk-upload/tu_kya_hai_1.mp3","missingone","success"
"tu kya hai (2).mp3","tu_kya_hai_2.mp3","https://storage.googleapis.com/rraasi-8a619-music-storage/bulk-upload/tu_kya_hai_2.mp3","missingone","success"
"tu kya hai (3).mp3","tu_kya_hai_3.mp3","https://storage.googleapis.com/rraasi-8a619-music-storage/bulk-upload/tu_kya_hai_3.mp3","missingone","success"
"tu kya hai.mp3","tu_kya_hai.mp3","https://storage.googleapis.com/rraasi-8a619-music-storage/bulk-upload/tu_kya_hai.mp3","missingone","success"